{"cameraMode":{"drawMode":0,"name":"Shaded","section":"Shading Mode"},"sceneLighting":false,"audioPlay":false,"sceneViewState":{"showFog":true,"showMaterialUpdate":false,"showSkybox":true,"showFlares":true,"showImageEffects":true,"showParticleSystems":true},"in2DMode":false,"pivot":{"x":15.123542785644532,"y":148.9681854248047,"z":544.6486206054688},"rotation":{"x":0.002303330460563302,"y":0.5167093276977539,"z":0.0013900898629799486,"w":-0.8561566472053528},"size":20.812501907348634,"orthographic":false}