{"cameraMode":{"drawMode":0,"name":"Shaded","section":"Shading Mode"},"sceneLighting":false,"audioPlay":false,"sceneViewState":{"showFog":true,"showMaterialUpdate":false,"showSkybox":true,"showFlares":true,"showImageEffects":true,"showParticleSystems":true},"in2DMode":false,"pivot":{"x":-646.7191162109375,"y":36.62297821044922,"z":198.15444946289063},"rotation":{"x":0.002303330460563302,"y":0.5167093276977539,"z":0.0013900898629799486,"w":-0.8561566472053528},"size":116.82582092285156,"orthographic":false}