{"cameraMode":{"drawMode":0,"name":"Shaded","section":"Shading Mode"},"sceneLighting":false,"audioPlay":false,"sceneViewState":{"showFog":true,"showMaterialUpdate":false,"showSkybox":true,"showFlares":true,"showImageEffects":true,"showParticleSystems":true},"in2DMode":false,"pivot":{"x":416.3446044921875,"y":100.43940734863281,"z":-274.858642578125},"rotation":{"x":0.002303330460563302,"y":0.5167093276977539,"z":0.0013900898629799486,"w":-0.8561566472053528},"size":116.8258056640625,"orthographic":false}